Date,äîâø,îÑè„çÇâcã∆óòâvó¶,âcã∆óòâvê¨í∑ó¶,îÑè„çÇê¨í∑ó¶,ìäâ∫éëñ{óòâvó¶,à◊ë÷ÉåÅ[Ég
2019/1/4,1792,8.79,-8.02,1.69,4.28,110.91
2019/1/7,1817,8.78,-7.93,1.68,4.27,107.73
2019/1/8,1794,8.77,-7.85,1.67,4.26,108.49
2019/1/9,1804,8.76,-7.76,1.66,4.25,108.8
2019/1/10,1787,8.75,-7.68,1.65,4.24,108.76
2019/1/11,1775,8.74,-7.59,1.64,4.23,108.2
2019/1/15,1719,8.73,-7.51,1.63,4.22,108.47
2019/1/16,1765,8.72,-7.42,1.62,4.21,108.42
2019/1/17,1736,8.71,-7.34,1.61,4.2,108.49
2019/1/18,1768,8.7,-7.26,1.6,4.19,109
2019/1/21,1770,8.69,-7.17,1.59,4.18,109.36
2019/1/22,1772,8.68,-7.09,1.58,4.17,109.68
2019/1/23,1757,8.67,-7,1.57,4.16,109.69
2019/1/24,1746,8.66,-6.92,1.56,4.15,109.47
2019/1/25,1736,8.64,-6.83,1.54,4.14,109.6
2019/1/28,1719,8.63,-6.75,1.53,4.13,109.78
2019/1/29,1756,8.62,-6.66,1.52,4.12,109.32
2019/1/30,1731,8.61,-6.58,1.51,4.11,109.21
2019/1/31,1742,8.6,-6.49,1.5,4.1,109.43
2019/2/1,1566,8.59,-6.41,1.49,4.09,108.98
2019/2/4,1550,8.58,-6.33,1.48,4.08,108.91
2019/2/5,1554,8.57,-6.24,1.47,4.07,109.53
2019/2/6,1552,8.56,-6.16,1.46,4.06,110.03
2019/2/7,1531,8.55,-6.07,1.45,4.05,109.88
2019/2/8,1521,8.54,-5.99,1.44,4.04,109.95
2019/2/12,1542,8.53,-5.9,1.43,4.03,109.87
2019/2/13,1522,8.52,-5.82,1.42,4.02,110.51
2019/2/14,1524,8.51,-5.73,1.41,4.01,110.56
2019/2/15,1521,8.5,-5.65,1.4,4,110.99
2019/2/18,1540,8.49,-5.57,1.39,3.99,110.45
2019/2/19,1545,8.48,-5.48,1.38,3.98,110.54
2019/2/20,1549,8.47,-5.4,1.37,3.97,110.58
2019/2/21,1564,8.46,-5.31,1.36,3.96,110.76
2019/2/22,1564,8.45,-5.23,1.35,3.95,110.7
2019/2/25,1553,8.44,-5.14,1.34,3.94,110.78
2019/2/26,1551,8.43,-5.06,1.33,3.93,110.82
2019/2/27,1553,8.42,-4.97,1.32,3.91,111.04
2019/2/28,1560,8.41,-4.89,1.31,3.9,110.58
2019/3/1,1572,8.4,-4.81,1.3,3.89,110.91
2019/3/4,1569,8.39,-4.72,1.29,3.88,111.53
2019/3/5,1578,8.38,-4.64,1.28,3.87,112.01
2019/3/6,1574,8.37,-4.55,1.27,3.86,111.91
2019/3/7,1579,8.36,-4.47,1.26,3.85,111.82
2019/3/8,1558,8.34,-4.38,1.24,3.84,111.7
2019/3/11,1562,8.33,-4.3,1.23,3.83,111.58
2019/3/12,1580,8.32,-4.21,1.22,3.82,110.96
2019/3/13,1575,8.31,-4.13,1.21,3.81,111.47
2019/3/14,1585,8.3,-4.04,1.2,3.8,111.32
2019/3/15,1617,8.29,-3.96,1.19,3.79,111.3
2019/3/18,1627,8.28,-3.88,1.18,3.78,111.94
2019/3/19,1630,8.27,-3.79,1.17,3.77,111.58
2019/3/20,1630,8.26,-3.71,1.16,3.76,111.31
2019/3/22,1646,8.25,-3.62,1.15,3.75,111.66
2019/3/25,1627,8.24,-3.54,1.14,3.74,110.73
2019/3/26,1683,8.23,-3.45,1.13,3.73,109.93
2019/3/27,1687,8.22,-3.37,1.12,3.72,110.21
2019/3/28,1657,8.21,-3.28,1.11,3.71,110.53
2019/3/29,1653,8.2,-3.2,1.1,3.7,110.35
2019/4/1,1655,8.24,-2.67,1.05,3.7,111.01
2019/4/2,1644,8.27,-2.14,1.01,3.69,111.1
2019/4/3,1627,8.31,-1.61,0.96,3.69,111.44
2019/4/4,1618,8.35,-1.08,0.91,3.69,111.53
2019/4/5,1612,8.39,-0.56,0.86,3.69,111.52
2019/4/8,1612,8.42,-0.03,0.82,3.68,111.82
2019/4/9,1604,8.46,0.5,0.77,3.68,111.48
2019/4/10,1599,8.5,1.03,0.72,3.68,111.4
2019/4/11,1605,8.54,1.56,0.67,3.67,111.2
2019/4/12,1596,8.57,2.09,0.63,3.67,111.11
2019/4/15,1607,8.61,2.62,0.58,3.67,111.81
2019/4/16,1604,8.65,3.15,0.53,3.67,112.02
2019/4/17,1605,8.68,3.67,0.48,3.66,111.99
2019/4/18,1604,8.72,4.2,0.44,3.66,112.16
2019/4/19,1603,8.76,4.73,0.39,3.66,112
2019/4/22,1634,8.8,5.26,0.34,3.65,112.01
2019/4/23,1655,8.83,5.79,0.29,3.65,112.03
2019/4/24,1661,8.87,6.32,0.25,3.65,111.87
2019/4/25,1677,8.91,6.85,0.2,3.64,111.96
2019/4/26,1675,8.95,7.38,0.15,3.64,112.28
2019/5/7,1675,8.98,7.91,0.1,3.64,111.87
2019/5/8,1655,9.02,8.43,0.06,3.64,110.7
2019/5/9,1612,9.06,8.96,0.01,3.63,110.19
2019/5/10,1743,9.09,9.49,-0.04,3.63,109.99
2019/5/13,1797,9.13,10.02,-0.09,3.63,109.92
2019/5/14,1752,9.17,10.55,-0.13,3.62,109.74
2019/5/15,1775,9.21,11.08,-0.18,3.62,109.43
2019/5/16,1818,9.24,11.61,-0.23,3.62,109.62
2019/5/17,1809,9.28,12.14,-0.28,3.62,109.51
2019/5/20,1821,9.32,12.66,-0.32,3.61,109.99
2019/5/21,1825,9.36,13.19,-0.37,3.61,110.19
2019/5/22,1807,9.39,13.72,-0.42,3.61,110.18
2019/5/23,1809,9.43,14.25,-0.47,3.6,110.51
2019/5/24,1823,9.47,14.78,-0.51,3.6,110.28
2019/5/27,1794,9.51,15.31,-0.56,3.6,109.76
2019/5/28,1802,9.54,15.84,-0.61,3.6,109.49
2019/5/29,1789,9.58,16.37,-0.66,3.59,109.6
2019/5/30,1753,9.62,16.89,-0.7,3.59,109.3
2019/5/31,1726,9.65,17.42,-0.75,3.59,109.58
2019/6/3,1726,9.69,17.95,-0.8,3.58,109.37
2019/6/4,1695,9.73,18.48,-0.85,3.58,108.34
2019/6/5,1726,9.77,19.01,-0.89,3.58,107.92
2019/6/6,1738,9.8,19.54,-0.94,3.58,108.13
2019/6/7,1748,9.84,20.07,-0.99,3.57,108.41
2019/6/10,1768,9.88,20.6,-1.04,3.57,108.53
2019/6/11,1783,9.92,21.13,-1.08,3.57,108.52
2019/6/12,1780,9.95,21.65,-1.13,3.56,108.51
2019/6/13,1790,9.99,22.18,-1.18,3.56,108.56
2019/6/14,1777,10.03,22.71,-1.23,3.56,108.53
2019/6/17,1769,10.06,23.24,-1.27,3.55,108.43
2019/6/18,1773,10.1,23.77,-1.32,3.55,108.66
2019/6/19,1786,10.14,24.3,-1.37,3.55,108.57
2019/6/20,1778,10.18,24.83,-1.42,3.55,108.57
2019/6/21,1734,10.21,25.36,-1.46,3.54,107.8
2019/6/24,1727,10.25,25.88,-1.51,3.54,107.37
2019/6/25,1753,10.29,26.41,-1.56,3.54,107.4
2019/6/26,1744,10.33,26.94,-1.61,3.53,107.34
2019/6/27,1737,10.36,27.47,-1.65,3.53,107.37
2019/6/28,1746,10.4,28,-1.7,3.53,107.72
2019/7/1,1745,10.38,27.67,-1.7,3.53,107.75
2019/7/2,1775,10.35,27.35,-1.69,3.52,108.26
2019/7/3,1763,10.33,27.02,-1.69,3.52,108.47
2019/7/4,1768,10.3,26.7,-1.68,3.52,107.71
2019/7/5,1761,10.28,26.37,-1.68,3.51,107.81
2019/7/8,1745,10.25,26.05,-1.67,3.51,107.91
2019/7/9,1743,10.23,25.72,-1.67,3.51,108.55
2019/7/10,1749,10.21,25.39,-1.66,3.51,108.88
2019/7/11,1759,10.18,25.07,-1.66,3.5,109.01
2019/7/12,1750,10.16,24.74,-1.65,3.5,108.2
2019/7/16,1734,10.13,24.42,-1.65,3.5,108.57
2019/7/17,1707,10.11,24.09,-1.64,3.49,107.97
2019/7/18,1685,10.09,23.76,-1.64,3.49,108.31
2019/7/19,1723,10.06,23.44,-1.63,3.49,107.84
2019/7/22,1694,10.04,23.11,-1.63,3.49,107.55
2019/7/23,1681,10.01,22.79,-1.62,3.48,107.99
2019/7/24,1691,9.99,22.46,-1.62,3.48,108.05
2019/7/25,1678,9.96,22.14,-1.61,3.48,108.21
2019/7/26,1668,9.94,21.81,-1.61,3.47,108.22
2019/7/29,1669,9.92,21.48,-1.6,3.47,108.74
2019/7/30,1783,9.89,21.16,-1.6,3.47,108.47
2019/7/31,1829,9.87,20.83,-1.59,3.46,108.89
2019/8/1,1826,9.84,20.51,-1.59,3.46,108.64
2019/8/2,1812,9.82,20.18,-1.58,3.46,109.27
2019/8/5,1784,9.8,19.85,-1.58,3.46,107.17
2019/8/6,1771,9.77,19.53,-1.57,3.45,106.36
2019/8/7,1762,9.75,19.2,-1.57,3.45,105.86
2019/8/8,1755,9.72,18.88,-1.56,3.45,106.15
2019/8/9,1785,9.7,18.55,-1.56,3.44,106.11
2019/8/13,1788,9.67,18.23,-1.55,3.44,106.02
2019/8/14,1791,9.65,17.9,-1.55,3.44,105.43
2019/8/15,1780,9.63,17.57,-1.55,3.44,106.4
2019/8/16,1778,9.6,17.25,-1.54,3.43,106.05
2019/8/19,1775,9.58,16.92,-1.54,3.43,106.15
2019/8/20,1783,9.55,16.6,-1.53,3.43,106.43
2019/8/21,1777,9.53,16.27,-1.53,3.42,106.65
2019/8/22,1777,9.5,15.95,-1.52,3.42,106.37
2019/8/23,1778,9.48,15.62,-1.52,3.42,106.59
2019/8/26,1776,9.46,15.29,-1.51,3.42,106.66
2019/8/27,1792,9.43,14.97,-1.51,3.41,105.1
2019/8/28,1807,9.41,14.64,-1.5,3.41,105.86
2019/8/29,1807,9.38,14.32,-1.5,3.41,105.73
2019/8/30,1810,9.36,13.99,-1.49,3.4,106.04
2019/9/2,1813,9.34,13.66,-1.49,3.4,106.47
2019/9/3,1821,9.31,13.34,-1.48,3.4,106.13
2019/9/4,1818,9.29,13.01,-1.48,3.4,106.32
2019/9/5,1795,9.26,12.69,-1.47,3.39,105.92
2019/9/6,1767,9.24,12.36,-1.47,3.39,106.44
2019/9/9,1803,9.21,12.04,-1.46,3.39,107.1
2019/9/10,1763,9.19,11.71,-1.46,3.38,106.97
2019/9/11,1798,9.17,11.38,-1.45,3.38,107.45
2019/9/12,1804,9.14,11.06,-1.45,3.38,107.66
2019/9/13,1852,9.12,10.73,-1.44,3.37,108.09
2019/9/17,1863,9.09,10.41,-1.44,3.37,108.25
2019/9/18,1895,9.07,10.08,-1.43,3.37,108.22
2019/9/19,1906,9.05,9.75,-1.43,3.37,108.21
2019/9/20,1918,9.02,9.43,-1.42,3.36,108.42
2019/9/24,1924,9,9.1,-1.42,3.36,108.06
2019/9/25,1934,8.97,8.78,-1.41,3.36,107.69
2019/9/26,1927,8.95,8.45,-1.41,3.35,107.11
2019/9/27,1936,8.92,8.13,-1.4,3.35,107.74
2019/9/30,1921,8.9,7.8,-1.4,3.35,107.83
2019/10/1,1938,8.92,7.89,-1.4,3.35,107.96
2019/10/2,1937,8.94,7.97,-1.41,3.34,108.16
2019/10/3,1870,8.96,8.06,-1.41,3.34,107.73
2019/10/4,1893,8.98,8.14,-1.42,3.34,107.09
2019/10/7,1894,9,8.23,-1.42,3.33,106.86
2019/10/8,1887,9.02,8.31,-1.43,3.33,106.78
2019/10/9,1888,9.04,8.4,-1.43,3.33,107.4
2019/10/10,1876,9.05,8.48,-1.44,3.33,107.1
2019/10/11,1884,9.07,8.57,-1.44,3.32,107.37
2019/10/15,1930,9.09,8.65,-1.45,3.32,108.11
2019/10/16,1931,9.11,8.74,-1.45,3.32,108.41
2019/10/17,1919,9.13,8.83,-1.46,3.31,108.74
2019/10/18,1895,9.15,8.91,-1.46,3.31,108.73
2019/10/21,1906,9.17,9,-1.47,3.31,108.72
2019/10/23,1910,9.19,9.08,-1.47,3.3,108.52
2019/10/24,1926,9.21,9.17,-1.48,3.3,108.4
2019/10/25,1923,9.23,9.25,-1.48,3.3,108.69
2019/10/28,1902,9.25,9.34,-1.49,3.3,108.74
2019/10/29,1920,9.27,9.42,-1.49,3.29,108.79
2019/10/30,1953,9.29,9.51,-1.5,3.29,109.02
2019/10/31,1940,9.31,9.6,-1.5,3.29,108.87
2019/11/1,1952,9.33,9.68,-1.51,3.28,108.87
2019/11/5,1958,9.35,9.77,-1.51,3.28,108.01
2019/11/6,1847,9.36,9.85,-1.52,3.28,108.79
2019/11/7,1767,9.38,9.94,-1.52,3.28,109.09
2019/11/8,1741,9.4,10.02,-1.53,3.27,108.94
2019/11/11,1782,9.42,10.11,-1.53,3.27,109.39
2019/11/12,1724,9.44,10.19,-1.54,3.27,109.18
2019/11/13,1701,9.46,10.28,-1.54,3.26,109.18
2019/11/14,1680,9.48,10.36,-1.55,3.26,108.92
2019/11/15,1714,9.5,10.45,-1.55,3.26,108.81
2019/11/18,1723,9.52,10.54,-1.55,3.26,108.62
2019/11/19,1722,9.54,10.62,-1.56,3.25,108.8
2019/11/20,1726,9.56,10.71,-1.56,3.25,108.55
2019/11/21,1732,9.58,10.79,-1.57,3.25,108.61
2019/11/22,1708,9.6,10.88,-1.57,3.24,108.43
2019/11/25,1731,9.62,10.96,-1.58,3.24,108.69
2019/11/26,1734,9.64,11.05,-1.58,3.24,108.81
2019/11/27,1723,9.65,11.13,-1.59,3.24,109.06
2019/11/28,1716,9.67,11.22,-1.59,3.23,109.15
2019/11/29,1718,9.69,11.3,-1.6,3.23,109.39
2019/12/2,1729,9.71,11.39,-1.6,3.23,109.56
2019/12/3,1710,9.73,11.48,-1.61,3.22,109.67
2019/12/4,1721,9.75,11.56,-1.61,3.22,109.16
2019/12/5,1711,9.77,11.65,-1.62,3.22,108.57
2019/12/6,1715,9.79,11.73,-1.62,3.21,108.9
2019/12/9,1716,9.81,11.82,-1.63,3.21,108.81
2019/12/10,1699,9.83,11.9,-1.63,3.21,108.6
2019/12/11,1703,9.85,11.99,-1.64,3.21,108.68
2019/12/12,1700,9.87,12.07,-1.64,3.2,108.78
2019/12/13,1721,9.89,12.16,-1.65,3.2,108.52
2019/12/16,1706,9.91,12.25,-1.65,3.2,109.56
2019/12/17,1714,9.93,12.33,-1.66,3.19,109.43
2019/12/18,1714,9.95,12.42,-1.66,3.19,109.56
2019/12/19,1712,9.96,12.5,-1.67,3.19,109.58
2019/12/20,1719,9.98,12.59,-1.67,3.19,109.72
2019/12/23,1721,10,12.67,-1.68,3.18,109.43
2019/12/24,1728,10.02,12.76,-1.68,3.18,109.47
2019/12/25,1698,10.04,12.84,-1.69,3.18,109.47
2019/12/26,1734,10.06,12.93,-1.69,3.17,109.36
2019/12/27,1727,10.08,13.01,-1.7,3.17,109.59
2019/12/30,1709,10.1,13.1,-1.7,3.17,109.68
2020/1/6,1665,10.08,12.98,-1.69,3.17,109.55
2020/1/7,1693,10.06,12.87,-1.69,3.16,108.12
2020/1/8,1668,10.04,12.75,-1.68,3.16,108.45
2020/1/9,1707,10.02,12.64,-1.67,3.16,107.85
2020/1/10,1714,10.01,12.52,-1.67,3.15,109.25
2020/1/14,1715,9.99,12.41,-1.66,3.15,109.55
2020/1/15,1719,9.97,12.29,-1.65,3.15,110.16
2020/1/16,1724,9.95,12.18,-1.64,3.15,109.95
2020/1/17,1707,9.93,12.06,-1.64,3.14,109.96
2020/1/20,1711,9.91,11.94,-1.63,3.14,110.33
2020/1/21,1694,9.89,11.83,-1.62,3.14,110.19
2020/1/22,1714,9.87,11.71,-1.62,3.13,110.24
2020/1/23,1704,9.85,11.6,-1.61,3.13,109.91
2020/1/24,1700,9.83,11.48,-1.6,3.13,109.72
2020/1/27,1691,9.82,11.37,-1.6,3.12,109.59
2020/1/28,1683,9.8,11.25,-1.59,3.12,109.06
2020/1/29,1690,9.78,11.14,-1.58,3.12,108.9
2020/1/30,1670,9.76,11.02,-1.58,3.12,109.11
2020/1/31,1700,9.74,10.91,-1.57,3.11,109.01
2020/2/3,1804,9.72,10.79,-1.56,3.11,109.07
2020/2/4,1828,9.7,10.67,-1.56,3.11,108.55
2020/2/5,1834,9.68,10.56,-1.55,3.1,108.64
2020/2/6,1867,9.66,10.44,-1.54,3.1,109.46
2020/2/7,1843,9.64,10.33,-1.53,3.1,109.89
2020/2/10,1837,9.63,10.21,-1.53,3.1,109.92
2020/2/12,1870,9.61,10.1,-1.52,3.09,109.67
2020/2/13,1856,9.59,9.98,-1.51,3.09,109.87
2020/2/14,1878,9.57,9.87,-1.51,3.09,109.91
2020/2/17,1850,9.55,9.75,-1.5,3.08,109.89
2020/2/18,1845,9.53,9.63,-1.49,3.08,109.8
2020/2/19,1865,9.51,9.52,-1.49,3.08,109.86
2020/2/20,1871,9.49,9.4,-1.48,3.08,109.92
2020/2/21,1854,9.47,9.29,-1.47,3.07,111.28
2020/2/25,1794,9.46,9.17,-1.47,3.07,112.11
2020/2/26,1788,9.44,9.06,-1.46,3.07,110.94
2020/2/27,1777,9.42,8.94,-1.45,3.06,110.32
2020/2/28,1707,9.4,8.83,-1.44,3.06,110.36
2020/3/2,1772,9.38,8.71,-1.44,3.06,109.45
2020/3/3,1766,9.36,8.59,-1.43,3.06,107.69
2020/3/4,1734,9.34,8.48,-1.42,3.05,108.31
2020/3/5,1778,9.32,8.36,-1.42,3.05,107.36
2020/3/6,1733,9.3,8.25,-1.41,3.05,107.5
2020/3/9,1676,9.28,8.13,-1.4,3.04,106.3
2020/3/10,1645,9.27,8.02,-1.4,3.04,104.18
2020/3/11,1640,9.25,7.9,-1.39,3.04,103.3
2020/3/12,1639,9.23,7.79,-1.38,3.03,104.9
2020/3/13,1591,9.21,7.67,-1.38,3.03,104.63
2020/3/16,1576,9.19,7.56,-1.37,3.03,105.05
2020/3/17,1644,9.17,7.44,-1.36,3.03,107.05
2020/3/18,1635,9.15,7.32,-1.36,3.02,106.63
2020/3/19,1641,9.13,7.21,-1.35,3.02,107.46
2020/3/23,1624,9.11,7.09,-1.34,3.02,108.98
2020/3/24,1636,9.09,6.98,-1.33,3.01,110.86
2020/3/25,1761,9.08,6.86,-1.33,3.01,110.65
2020/3/26,1747,9.06,6.75,-1.32,3.01,111.17
2020/3/27,1848,9.04,6.63,-1.31,3.01,110.77
2020/3/30,1924,9.02,6.52,-1.31,3,109.05
2020/3/31,1909,9,6.4,-1.3,3,107.65
2020/4/1,1788,9.08,6.66,-1.38,3.01,108.83
2020/4/2,1762,9.15,6.93,-1.45,3.02,107.59
2020/4/3,1728,9.23,7.19,-1.53,3.04,107.51
2020/4/6,1775,9.3,7.46,-1.61,3.05,108.12
2020/4/7,1809,9.38,7.72,-1.69,3.06,108.91
2020/4/8,1812,9.45,7.98,-1.76,3.07,109.07
2020/4/9,1729,9.53,8.25,-1.84,3.09,108.65
2020/4/10,1775,9.6,8.51,-1.92,3.1,109.07
2020/4/13,1747,9.68,8.78,-1.99,3.11,108.63
2020/4/14,1797,9.75,9.04,-2.07,3.12,108.25
2020/4/15,1811,9.83,9.3,-2.15,3.14,107.58
2020/4/16,1833,9.9,9.57,-2.22,3.15,107.18
2020/4/17,1842,9.98,9.83,-2.3,3.16,107.7
2020/4/20,1817,10.06,10.1,-2.38,3.17,107.95
2020/4/21,1836,10.13,10.36,-2.46,3.18,107.9
2020/4/22,1831,10.21,10.62,-2.53,3.2,107.78
2020/4/23,1837,10.28,10.89,-2.61,3.21,107.86
2020/4/24,1834,10.36,11.15,-2.69,3.22,107.83
2020/4/27,1817,10.43,11.41,-2.76,3.23,107.73
2020/4/28,1817,10.51,11.68,-2.84,3.25,107.61
2020/4/30,1819,10.58,11.94,-2.92,3.26,107.3
2020/5/1,1796,10.66,12.21,-3,3.27,106.88
2020/5/7,1794,10.73,12.47,-3.07,3.28,107.3
2020/5/8,1825,10.81,12.73,-3.15,3.3,106.27
2020/5/11,1804,10.89,13,-3.23,3.31,106.36
2020/5/12,1809,10.96,13.26,-3.3,3.32,106.96
2020/5/13,1848,11.04,13.53,-3.38,3.33,107.52
2020/5/14,1823,11.11,13.79,-3.46,3.34,107.12
2020/5/15,1831,11.19,14.05,-3.53,3.36,106.89
2020/5/18,1861,11.26,14.32,-3.61,3.37,107.43
2020/5/19,1849,11.34,14.58,-3.69,3.38,107.2
2020/5/20,1851,11.41,14.85,-3.77,3.39,107.36
2020/5/21,1826,11.49,15.11,-3.84,3.41,107.98
2020/5/22,1802,11.56,15.37,-3.92,3.42,107.74
2020/5/25,1751,11.64,15.64,-4,3.43,107.75
2020/5/26,1707,11.71,15.9,-4.07,3.44,107.69
2020/5/27,1707,11.79,16.17,-4.15,3.45,107.77
2020/5/28,1726,11.87,16.43,-4.23,3.47,107.53
2020/5/29,1744,11.94,16.69,-4.3,3.48,107.92
2020/6/1,1741,12.02,16.96,-4.38,3.49,107.53
2020/6/2,1737,12.09,17.22,-4.46,3.5,107.75
2020/6/3,1715,12.17,17.49,-4.54,3.52,107.58
2020/6/4,1733,12.24,17.75,-4.61,3.53,108.71
2020/6/5,1728,12.32,18.01,-4.69,3.54,108.88
2020/6/8,1728,12.39,18.28,-4.77,3.55,109.1
2020/6/9,1766,12.47,18.54,-4.84,3.57,109.46
2020/6/10,1741,12.54,18.8,-4.92,3.58,108.08
2020/6/11,1741,12.62,19.07,-5,3.59,107.81
2020/6/12,1721,12.7,19.33,-5.08,3.6,107
2020/6/15,1705,12.77,19.6,-5.15,3.61,106.69
2020/6/16,1758,12.85,19.86,-5.23,3.63,107.24
2020/6/17,1752,12.92,20.12,-5.31,3.64,107.31
2020/6/18,1737,13,20.39,-5.38,3.65,107.35
2020/6/19,1769,13.07,20.65,-5.46,3.66,106.76
2020/6/22,1748,13.15,20.92,-5.54,3.68,106.95
2020/6/23,1739,13.22,21.18,-5.61,3.69,106.81
2020/6/24,1736,13.3,21.44,-5.69,3.7,106.97
2020/6/25,1719,13.37,21.71,-5.77,3.71,106.53
2020/6/26,1723,13.45,21.97,-5.85,3.73,107.05
2020/6/29,1717,13.52,22.24,-5.92,3.74,107.13
2020/6/30,1702,13.6,22.5,-6,3.75,107.24
2020/7/1,1683,13.58,22.62,-5.97,3.76,107.74
2020/7/2,1697,13.55,22.75,-5.93,3.77,108.11
2020/7/3,1703,13.53,22.87,-5.9,3.79,107.48
2020/7/6,1713,13.5,22.99,-5.86,3.8,107.5
2020/7/7,1665,13.48,23.11,-5.83,3.81,107.66
2020/7/8,1659,13.45,23.24,-5.79,3.82,107.33
2020/7/9,1628,13.43,23.36,-5.76,3.84,107.7
2020/7/10,1635,13.4,23.48,-5.72,3.85,107.31
2020/7/13,1678,13.38,23.61,-5.69,3.86,107.1
2020/7/14,1661,13.35,23.73,-5.66,3.87,106.84
2020/7/15,1677,13.33,23.85,-5.62,3.89,107.25
2020/7/16,1655,13.3,23.98,-5.59,3.9,107.3
2020/7/17,1647,13.28,24.1,-5.55,3.91,106.99
2020/7/20,1644,13.26,24.22,-5.52,3.92,107.28
2020/7/21,1642,13.23,24.34,-5.48,3.93,107.53
2020/7/22,1634,13.21,24.47,-5.45,3.95,107.23
2020/7/27,1644,13.18,24.59,-5.41,3.96,106.9
2020/7/28,1648,13.16,24.71,-5.38,3.97,105.82
2020/7/29,1635,13.13,24.84,-5.35,3.98,105.35
2020/7/30,1624,13.11,24.96,-5.31,4,105.14
2020/7/31,1808,13.08,25.08,-5.28,4.01,105.11
2020/8/3,1828,13.06,25.2,-5.24,4.02,104.61
2020/8/4,1849,13.03,25.33,-5.21,4.03,106.17
2020/8/5,1840,13.01,25.45,-5.17,4.05,106.13
2020/8/6,1805,12.99,25.57,-5.14,4.06,105.63
2020/8/7,1766,12.96,25.7,-5.1,4.07,105.54
2020/8/11,1763,12.94,25.82,-5.07,4.08,105.59
2020/8/12,1782,12.91,25.94,-5.04,4.09,106.18
2020/8/13,1830,12.89,26.07,-5,4.11,106.59
2020/8/14,1819,12.86,26.19,-4.97,4.12,106.68
2020/8/17,1801,12.84,26.31,-4.93,4.13,106.98
2020/8/18,1844,12.81,26.43,-4.9,4.14,106.52
2020/8/19,1877,12.79,26.56,-4.86,4.16,105.78
2020/8/20,1886,12.76,26.68,-4.83,4.17,105.18
2020/8/21,1877,12.74,26.8,-4.8,4.18,106.1
2020/8/24,1894,12.71,26.93,-4.76,4.19,105.7
2020/8/25,1901,12.69,27.05,-4.73,4.2,105.8
2020/8/26,1912,12.67,27.17,-4.69,4.22,106.01
2020/8/27,1898,12.64,27.3,-4.66,4.23,106.45
2020/8/28,1880,12.62,27.42,-4.62,4.24,105.94
2020/8/31,1876,12.59,27.54,-4.59,4.25,106.65
2020/9/1,1888,12.57,27.66,-4.55,4.27,105.39
2020/9/2,1915,12.54,27.79,-4.52,4.28,105.9
2020/9/3,1931,12.52,27.91,-4.49,4.29,106.02
2020/9/4,1902,12.49,28.03,-4.45,4.3,106.23
2020/9/7,1879,12.47,28.16,-4.42,4.32,106.17
2020/9/8,1904,12.44,28.28,-4.38,4.33,106.39
2020/9/9,1890,12.42,28.4,-4.35,4.34,106.31
2020/9/10,1905,12.4,28.52,-4.31,4.35,105.97
2020/9/11,1911,12.37,28.65,-4.28,4.36,106.22
2020/9/14,1901,12.35,28.77,-4.24,4.38,106.16
2020/9/15,1883,12.32,28.89,-4.21,4.39,106.16
2020/9/16,1982,12.3,29.02,-4.18,4.4,105.74
2020/9/17,2043,12.27,29.14,-4.14,4.41,105.37
2020/9/18,2055,12.25,29.26,-4.11,4.43,105.06
2020/9/23,2064,12.22,29.39,-4.07,4.44,104.84
2020/9/24,2079,12.2,29.51,-4.04,4.45,105.1
2020/9/25,2042,12.17,29.63,-4,4.46,105.43
2020/9/28,2094,12.15,29.75,-3.97,4.48,105.57
2020/9/29,2089,12.12,29.88,-3.93,4.49,105.36
2020/9/30,2065,12.1,30,-3.9,4.5,105.36
2020/10/2,2034,12.11,29.82,-3.89,4.51,105.81
2020/10/5,2063,12.12,29.65,-3.88,4.52,105.55
2020/10/6,2060,12.12,29.47,-3.87,4.54,105.57
2020/10/7,2049,12.13,29.29,-3.86,4.55,105.6
2020/10/8,2048,12.14,29.11,-3.85,4.56,105.66
2020/10/9,2025,12.15,28.94,-3.84,4.57,105.7
2020/10/12,2022,12.16,28.76,-3.83,4.59,106.07
2020/10/13,2024,12.16,28.58,-3.82,4.6,105.98
2020/10/14,2040,12.17,28.4,-3.81,4.61,105.64
2020/10/15,2026,12.18,28.23,-3.8,4.62,105.37
2020/10/16,2028,12.19,28.05,-3.79,4.64,105.43
2020/10/19,2034,12.2,27.87,-3.78,4.65,105.26
2020/10/20,2020,12.2,27.69,-3.77,4.66,105.35
2020/10/21,2026,12.21,27.52,-3.76,4.67,105.4
2020/10/22,2008,12.22,27.34,-3.75,4.68,105.59
2020/10/23,1997,12.23,27.16,-3.75,4.7,105.41
2020/10/26,1992,12.24,26.98,-3.74,4.71,104.62
2020/10/27,2009,12.25,26.81,-3.73,4.72,104.74
2020/10/28,2027,12.25,26.63,-3.72,4.73,104.68
2020/10/29,2024,12.26,26.45,-3.71,4.75,104.77
2020/10/30,2006,12.27,26.27,-3.7,4.76,104.47
2020/11/2,2061,12.28,26.1,-3.69,4.77,104.4
2020/11/4,2065,12.29,25.92,-3.68,4.78,104.6
2020/11/5,2206,12.29,25.74,-3.67,4.8,104.76
2020/11/6,2194,12.3,25.56,-3.66,4.81,104.54
2020/11/9,2185,12.31,25.39,-3.65,4.82,104.3
2020/11/10,2086,12.32,25.21,-3.64,4.83,103.69
2020/11/11,2154,12.33,25.03,-3.63,4.84,103.34
2020/11/12,2161,12.33,24.85,-3.62,4.86,105.18
2020/11/13,2143,12.34,24.68,-3.61,4.87,105.13
2020/11/16,2166,12.35,24.5,-3.6,4.88,105.43
2020/11/17,2122,12.36,24.32,-3.59,4.89,104.98
2020/11/18,2128,12.37,24.15,-3.58,4.91,104.69
2020/11/19,2160,12.37,23.97,-3.57,4.92,104.46
2020/11/20,2186,12.38,23.79,-3.56,4.93,104.09
2020/11/24,2180,12.39,23.61,-3.55,4.94,103.85
2020/11/25,2143,12.4,23.44,-3.54,4.95,103.89
2020/11/26,2159,12.41,23.26,-3.53,4.97,104.59
2020/11/27,2164,12.41,23.08,-3.52,4.98,104.51
2020/11/30,2086,12.42,22.9,-3.51,4.99,104.34
2020/12/1,2164,12.43,22.73,-3.5,5,104.15
2020/12/2,2141,12.44,22.55,-3.49,5.02,103.89
2020/12/3,2128,12.45,22.37,-3.48,5.03,104.28
2020/12/4,2141,12.45,22.19,-3.47,5.04,104.36
2020/12/7,2147,12.46,22.02,-3.46,5.05,104.5
2020/12/8,2133,12.47,21.84,-3.45,5.07,103.83
2020/12/9,2147,12.48,21.66,-3.45,5.08,104.11
2020/12/10,2159,12.49,21.48,-3.44,5.09,104.06
2020/12/11,2243,12.5,21.31,-3.43,5.1,104.16
2020/12/14,2257,12.5,21.13,-3.42,5.11,104.29
2020/12/15,2254,12.51,20.95,-3.41,5.13,104.03
2020/12/16,2262,12.52,20.77,-3.4,5.14,104.05
2020/12/17,2267,12.53,20.6,-3.39,5.15,104.12
2020/12/18,2222,12.54,20.42,-3.38,5.16,103.73
2020/12/21,2197,12.54,20.24,-3.37,5.18,103.44
2020/12/22,2164,12.55,20.06,-3.36,5.19,103.26
2020/12/23,2122,12.56,19.89,-3.35,5.2,103.38
2020/12/24,2152,12.57,19.71,-3.34,5.21,103.31
2020/12/25,2159,12.58,19.53,-3.33,5.23,103.64
2020/12/28,2187,12.58,19.35,-3.32,5.24,103.6
2020/12/29,2219,12.59,19.18,-3.31,5.25,103.48
2020/12/30,2236,12.6,19,-3.3,5.26,103.62
2021/1/4,2232,12.57,18.92,-3.29,5.27,103.8
2021/1/5,2258,12.54,18.84,-3.28,5.29,103.52
2021/1/6,2212,12.5,18.76,-3.27,5.3,102.68
2021/1/7,2219,12.47,18.68,-3.25,5.31,103.01
2021/1/8,2296,12.44,18.6,-3.24,5.32,103.85
2021/1/12,2314,12.41,18.52,-3.23,5.34,104.23
2021/1/13,2307,12.37,18.44,-3.22,5.35,103.69
2021/1/14,2357,12.34,18.35,-3.21,5.36,103.95
2021/1/15,2352,12.31,18.27,-3.2,5.37,103.84
2021/1/18,2395,12.28,18.19,-3.19,5.39,103.8
2021/1/19,2397,12.25,18.11,-3.18,5.4,103.74
2021/1/20,2365,12.21,18.03,-3.16,5.41,103.93
2021/1/21,2363,12.18,17.95,-3.15,5.42,103.62
2021/1/22,2350,12.15,17.87,-3.14,5.43,103.54
2021/1/25,2339,12.12,17.79,-3.13,5.45,103.84
2021/1/26,2352,12.08,17.71,-3.12,5.46,103.75
2021/1/27,2371,12.05,17.63,-3.11,5.47,103.69
2021/1/28,2345,12.02,17.55,-3.1,5.48,104.28
2021/1/29,2365,11.99,17.47,-3.09,5.5,104.48
2021/2/1,2241,11.95,17.39,-3.07,5.51,104.7
2021/2/2,2203,11.92,17.31,-3.06,5.52,104.89
2021/2/3,2219,11.89,17.23,-3.05,5.53,105.04
2021/2/4,2176,11.86,17.15,-3.04,5.55,105.04
2021/2/5,2147,11.83,17.06,-3.03,5.56,105.55
2021/2/8,2197,11.79,16.98,-3.02,5.57,105.55
2021/2/9,2189,11.76,16.9,-3.01,5.58,105.18
2021/2/10,2227,11.73,16.82,-3,5.59,104.62
2021/2/12,2174,11.7,16.74,-2.98,5.61,104.75
2021/2/15,2166,11.66,16.66,-2.97,5.62,105.11
2021/2/16,2187,11.63,16.58,-2.96,5.63,105.49
2021/2/17,2205,11.6,16.5,-2.95,5.64,106.17
2021/2/18,2189,11.57,16.42,-2.94,5.66,105.75
2021/2/19,2175,11.54,16.34,-2.93,5.67,105.73
2021/2/22,2169,11.5,16.26,-2.92,5.68,105.5
2021/2/24,2154,11.47,16.18,-2.9,5.69,105.42
2021/2/25,2116,11.44,16.1,-2.89,5.7,106.06
2021/2/26,2027,11.41,16.02,-2.88,5.72,106.24
2021/3/1,2048,11.37,15.94,-2.87,5.73,106.49
2021/3/2,2085,11.34,15.85,-2.86,5.74,106.85
2021/3/3,2095,11.31,15.77,-2.85,5.75,106.8
2021/3/4,2092,11.28,15.69,-2.84,5.77,106.99
2021/3/5,2139,11.25,15.61,-2.83,5.78,107.91
2021/3/8,2185,11.21,15.53,-2.81,5.79,108.37
2021/3/9,2155,11.18,15.45,-2.8,5.8,109.13
2021/3/10,2177,11.15,15.37,-2.79,5.82,108.58
2021/3/11,2176,11.12,15.29,-2.78,5.83,108.51
2021/3/12,2190,11.08,15.21,-2.77,5.84,108.61
2021/3/15,2205,11.05,15.13,-2.76,5.85,109.08
2021/3/16,2216,11.02,15.05,-2.75,5.86,109.24
2021/3/17,2189,10.99,14.97,-2.74,5.88,109.14
2021/3/18,2217,10.95,14.89,-2.72,5.89,108.97
2021/3/19,2219,10.92,14.81,-2.71,5.9,109.1
2021/3/22,2239,10.89,14.73,-2.7,5.91,108.92
2021/3/23,2207,10.86,14.65,-2.69,5.93,108.84
2021/3/24,2208,10.83,14.56,-2.68,5.94,108.65
2021/3/25,2233,10.79,14.48,-2.67,5.95,108.9
2021/3/26,2250,10.76,14.4,-2.66,5.96,109.31
2021/3/29,2232,10.73,14.32,-2.65,5.98,109.63
2021/3/30,2239,10.7,14.24,-2.63,5.99,109.83
2021/3/31,2182,10.6,14,-2.6,6,110.72
2021/4/1,2145,10.66,14.02,-2.37,6,110.84
2021/4/2,2140,10.71,14.03,-2.14,6.01,110.66
2021/4/5,2189,10.77,14.05,-1.91,6.01,110.67
2021/4/6,2146,10.83,14.07,-1.68,6.02,110.3
2021/4/7,2146,10.89,14.08,-1.44,6.02,109.81
2021/4/8,2129,10.94,14.1,-1.21,6.03,109.83
2021/4/9,2138,11,14.11,-0.98,6.03,109.31
2021/4/12,2143,11.06,14.13,-0.75,6.04,109.73
2021/4/13,2139,11.12,14.15,-0.52,6.04,109.58
2021/4/14,2130,11.17,14.16,-0.29,6.05,108.82
2021/4/15,2109,11.23,14.18,-0.06,6.05,108.91
2021/4/16,2127,11.29,14.2,0.17,6.05,108.72
2021/4/19,2117,11.35,14.21,0.4,6.06,108.64
2021/4/20,2090,11.4,14.23,0.64,6.06,108.21
2021/4/21,2098,11.46,14.25,0.87,6.07,108.08
2021/4/22,2133,11.52,14.26,1.1,6.07,108.05
2021/4/23,2160,11.58,14.28,1.33,6.08,107.94
2021/4/26,2135,11.63,14.3,1.56,6.08,107.91
2021/4/27,2117,11.69,14.31,1.79,6.09,108.14
2021/4/28,2111,11.75,14.33,2.02,6.09,108.93
2021/4/30,2106,11.8,14.34,2.25,6.09,108.98
2021/5/6,2177,11.86,14.36,2.49,6.1,109.33
2021/5/7,2202,11.92,14.38,2.72,6.1,109.15
2021/5/10,2237,11.98,14.39,2.95,6.11,108.77
2021/5/11,2321,12.03,14.41,3.18,6.11,108.99
2021/5/12,2328,12.09,14.43,3.41,6.12,108.8
2021/5/13,2295,12.15,14.44,3.64,6.12,109.63
2021/5/14,2331,12.21,14.46,3.87,6.13,109.64
2021/5/17,2299,12.26,14.48,4.1,6.13,109.41
2021/5/18,2399,12.32,14.49,4.33,6.14,109.21
2021/5/19,2374,12.38,14.51,4.57,6.14,109
2021/5/20,2342,12.44,14.52,4.8,6.14,109.25
2021/5/21,2337,12.49,14.54,5.03,6.15,108.9
2021/5/24,2401,12.55,14.56,5.26,6.15,108.97
2021/5/25,2381,12.61,14.57,5.49,6.16,108.86
2021/5/26,2370,12.67,14.59,5.72,6.16,108.79
2021/5/27,2363,12.72,14.61,5.95,6.17,109.15
2021/5/28,2464,12.78,14.62,6.18,6.17,109.97
2021/5/31,2423,12.84,14.64,6.41,6.18,109.8
2021/6/1,2406,12.9,14.66,6.65,6.18,109.4
2021/6/2,2414,12.95,14.67,6.88,6.18,109.65
2021/6/3,2500,13.01,14.69,7.11,6.19,109.6
2021/6/4,2506,13.07,14.7,7.34,6.19,110.28
2021/6/7,2503,13.12,14.72,7.57,6.2,109.58
2021/6/8,2541,13.18,14.74,7.8,6.2,109.44
2021/6/9,2549,13.24,14.75,8.03,6.21,109.45
2021/6/10,2544,13.3,14.77,8.26,6.21,109.66
2021/6/11,2556,13.35,14.79,8.5,6.22,109.46
2021/6/14,2552,13.41,14.8,8.73,6.22,109.8
2021/6/15,2593,13.47,14.82,8.96,6.23,110.12
2021/6/16,2610,13.53,14.84,9.19,6.23,110.16
2021/6/17,2643,13.58,14.85,9.42,6.23,110.76
2021/6/18,2654,13.64,14.87,9.65,6.24,110.33
2021/6/21,2597,13.7,14.89,9.88,6.24,110.25
2021/6/22,2692,13.76,14.9,10.11,6.25,110.28
2021/6/23,2693,13.81,14.92,10.34,6.25,110.73
2021/6/24,2722,13.87,14.93,10.58,6.26,111.05
2021/6/25,2743,13.93,14.95,10.81,6.26,111
2021/6/28,2769,13.99,14.97,11.04,6.27,110.69
2021/6/29,2814,14.04,14.98,11.27,6.27,110.52
2021/6/30,2778,14.1,15,11.5,6.28,110.61
2021/7/1,2748,14.08,14.95,11.44,6.28,111.12
2021/7/2,2770,14.05,14.9,11.37,6.28,111.66
2021/7/5,2762,14.03,14.85,11.31,6.29,111.15
2021/7/6,2768,14,14.8,11.24,6.29,110.88
2021/7/7,2715,13.98,14.75,11.18,6.3,110.45
2021/7/8,2703,13.95,14.7,11.12,6.3,110.58
2021/7/9,2697,13.93,14.64,11.05,6.31,109.92
2021/7/12,2773,13.9,14.59,10.99,6.31,110.16
2021/7/13,2834,13.88,14.54,10.92,6.32,110.4
2021/7/14,2780,13.85,14.49,10.86,6.32,110.63
2021/7/15,2768,13.83,14.44,10.8,6.32,109.93
2021/7/16,2762,13.8,14.39,10.73,6.33,109.91
2021/7/19,2726,13.78,14.34,10.67,6.33,109.89
2021/7/20,2734,13.76,14.29,10.6,6.34,109.57
2021/7/21,2746,13.73,14.24,10.54,6.34,109.98
2021/7/26,2775,13.71,14.19,10.48,6.35,110.54
2021/7/27,2769,13.68,14.14,10.41,6.35,110.26
2021/7/28,2780,13.66,14.09,10.35,6.36,109.85
2021/7/29,2728,13.63,14.03,10.29,6.36,109.73
2021/7/30,2683,13.61,13.98,10.22,6.37,109.52
2021/8/2,2868,13.58,13.93,10.16,6.37,109.65
2021/8/3,2801,13.56,13.88,10.09,6.37,109.33
2021/8/4,2830,13.53,13.83,10.03,6.38,109.07
2021/8/5,2854,13.51,13.78,9.97,6.38,109.67
2021/8/6,2875,13.49,13.73,9.9,6.39,109.89
2021/8/10,2895,13.46,13.68,9.84,6.39,110.33
2021/8/11,2896,13.44,13.63,9.77,6.4,110.68
2021/8/12,2906,13.41,13.58,9.71,6.4,110.35
2021/8/13,2904,13.39,13.53,9.65,6.41,110.47
2021/8/16,2882,13.36,13.48,9.58,6.41,109.47
2021/8/17,2919,13.34,13.42,9.52,6.41,109.22
2021/8/18,2898,13.31,13.37,9.45,6.42,109.52
2021/8/19,2910,13.29,13.32,9.39,6.42,109.97
2021/8/20,2988,13.26,13.27,9.33,6.43,109.89
2021/8/23,2982,13.24,13.22,9.26,6.43,109.86
2021/8/24,3046,13.21,13.17,9.2,6.44,109.76
2021/8/25,3010,13.19,13.12,9.13,6.44,109.86
2021/8/26,3042,13.17,13.07,9.07,6.45,110.08
2021/8/27,3043,13.14,13.02,9.01,6.45,110
2021/8/30,3084,13.12,12.97,8.94,6.46,109.73
2021/8/31,3124,13.09,12.92,8.88,6.46,109.9
2021/9/1,3124,13.07,12.87,8.81,6.46,110.2
2021/9/2,3175,13.04,12.81,8.75,6.47,110
2021/9/3,3230,13.02,12.76,8.69,6.47,109.95
2021/9/6,3299,12.99,12.71,8.62,6.48,109.84
2021/9/7,3303,12.97,12.66,8.56,6.48,109.8
2021/9/8,3302,12.94,12.61,8.5,6.49,110.28
2021/9/9,3339,12.92,12.56,8.43,6.49,110.23
2021/9/10,3398,12.9,12.51,8.37,6.5,109.79
2021/9/13,3410,12.87,12.46,8.3,6.5,109.99
2021/9/14,3393,12.85,12.41,8.24,6.5,110.05
2021/9/15,3411,12.82,12.36,8.18,6.51,109.65
2021/9/16,3417,12.8,12.31,8.11,6.51,109.41
2021/9/17,3410,12.77,12.26,8.05,6.52,109.81
2021/9/21,3336,12.75,12.2,7.98,6.52,109.57
2021/9/22,3246,12.72,12.15,7.92,6.53,109.22
2021/9/24,3267,12.7,12.1,7.86,6.53,110.42
2021/9/27,3193,12.67,12.05,7.79,6.54,110.75
2021/9/28,3153,12.65,12,7.73,6.54,111.01
2021/9/29,3133,12.62,11.95,7.66,6.55,111.65
2021/9/30,3208,12.6,11.9,7.6,6.55,111.95
2021/10/1,3186,12.6,11.84,7.6,6.55,111.43
2021/10/4,3117,12.6,11.79,7.6,6.56,110.99
2021/10/5,3064,12.6,11.73,7.6,6.56,110.94
2021/10/6,3104,12.61,11.68,7.59,6.57,111.63
2021/10/7,3126,12.61,11.62,7.59,6.57,111.38
2021/10/8,3142,12.61,11.57,7.59,6.58,111.74
2021/10/11,3244,12.61,11.51,7.59,6.58,112.3
2021/10/12,3205,12.61,11.46,7.59,6.59,113.5
2021/10/13,3236,12.61,11.4,7.59,6.59,113.48
2021/10/14,3253,12.62,11.34,7.58,6.6,113.37
2021/10/15,3310,12.62,11.29,7.58,6.6,113.9
2021/10/18,3244,12.62,11.23,7.58,6.6,114.26
2021/10/19,3305,12.62,11.18,7.58,6.61,114.19
2021/10/20,3309,12.62,11.12,7.58,6.61,114.68
2021/10/21,3239,12.62,11.07,7.58,6.62,114.28
2021/10/22,3249,12.63,11.01,7.57,6.62,114.04
2021/10/25,3199,12.63,10.96,7.57,6.63,113.73
2021/10/26,3192,12.63,10.9,7.57,6.63,113.85
2021/10/27,3314,12.63,10.84,7.57,6.64,114.16
2021/10/28,3274,12.63,10.79,7.57,6.64,113.85
2021/10/29,3305,12.63,10.73,7.57,6.64,113.68
2021/11/1,3390,12.63,10.68,7.57,6.65,114.13
2021/11/2,3318,12.64,10.62,7.56,6.65,114.12
2021/11/4,3377,12.64,10.57,7.56,6.66,114.16
2021/11/5,3411,12.64,10.51,7.56,6.66,113.78
2021/11/8,3305,12.64,10.46,7.56,6.67,113.62
2021/11/9,3327,12.64,10.4,7.56,6.67,113.27
2021/11/10,3396,12.64,10.34,7.56,6.68,112.87
2021/11/11,3447,12.65,10.29,7.55,6.68,113.94
2021/11/12,3459,12.65,10.23,7.55,6.69,114.26
2021/11/15,3456,12.65,10.18,7.55,6.69,114
2021/11/16,3513,12.65,10.12,7.55,6.69,114.19
2021/11/17,3479,12.65,10.07,7.55,6.7,114.88
2021/11/18,3430,12.65,10.01,7.55,6.7,114.18
2021/11/19,3396,12.66,9.96,7.54,6.71,114.37
2021/11/22,3388,12.66,9.9,7.54,6.71,114.12
2021/11/24,3416,12.66,9.84,7.54,6.72,115.21
2021/11/25,3334,12.66,9.79,7.54,6.72,115.35
2021/11/26,3382,12.66,9.73,7.54,6.73,114.93
2021/11/29,3375,12.66,9.68,7.54,6.73,113.71
2021/11/30,3306,12.67,9.62,7.53,6.73,113.8
2021/12/1,3254,12.67,9.57,7.53,6.74,113.26
2021/12/2,3256,12.67,9.51,7.53,6.74,112.96
2021/12/3,3323,12.67,9.46,7.53,6.75,113.14
2021/12/6,3339,12.67,9.4,7.53,6.75,113.09
2021/12/7,3369,12.67,9.34,7.53,6.76,113.51
2021/12/8,3345,12.67,9.29,7.53,6.76,113.57
2021/12/9,3337,12.68,9.23,7.52,6.77,113.83
2021/12/10,3300,12.68,9.18,7.52,6.77,113.49
2021/12/13,3297,12.68,9.12,7.52,6.78,113.56
2021/12/14,3350,12.68,9.07,7.52,6.78,113.68
2021/12/15,3410,12.68,9.01,7.52,6.78,113.8
2021/12/16,3447,12.68,8.96,7.52,6.79,114.17
2021/12/17,3385,12.69,8.9,7.51,6.79,113.88
2021/12/20,3354,12.69,8.84,7.51,6.8,113.64
2021/12/21,3415,12.69,8.79,7.51,6.8,113.68
2021/12/22,3342,12.69,8.73,7.51,6.81,114.2
2021/12/23,3375,12.69,8.68,7.51,6.81,114.23
2021/12/24,3351,12.69,8.62,7.51,6.82,114.41
2021/12/27,3353,12.7,8.57,7.5,6.82,114.4
2021/12/28,3424,12.7,8.51,7.5,6.83,114.97
2021/12/29,3409,12.7,8.46,7.5,6.83,114.89
2021/12/30,3393,12.7,8.4,7.5,6.83,115.02
2022/1/4,3462,12.66,8.37,7.5,6.84,115.02
2022/1/5,3474,12.63,8.35,7.49,6.84,115.43
2022/1/6,3423,12.59,8.32,7.49,6.85,116.23
2022/1/7,3449,12.55,8.3,7.49,6.85,116.05
2022/1/11,3412,12.51,8.27,7.48,6.86,116.01
2022/1/12,3380,12.48,8.25,7.48,6.86,115.34
2022/1/13,3350,12.44,8.22,7.48,6.87,115.34
2022/1/14,3261,12.4,8.2,7.47,6.87,114.68
2022/1/17,3253,12.36,8.17,7.47,6.87,114.1
2022/1/18,3212,12.33,8.15,7.47,6.88,114.35
2022/1/19,3090,12.29,8.12,7.46,6.88,114.57
2022/1/20,3142,12.25,8.09,7.46,6.89,114.72
2022/1/21,3151,12.22,8.07,7.46,6.89,114.32
2022/1/24,3137,12.18,8.04,7.45,6.9,113.85
2022/1/25,3085,12.14,8.02,7.45,6.9,113.84
2022/1/26,3084,12.1,7.99,7.45,6.91,114.02
2022/1/27,3018,12.07,7.97,7.44,6.91,113.84
2022/1/28,3095,12.03,7.94,7.44,6.92,114.68
2022/1/31,3098,11.99,7.92,7.44,6.92,115.47
2022/2/1,3094,11.95,7.89,7.43,6.92,115.44
2022/2/2,3165,11.92,7.87,7.43,6.93,115.17
2022/2/3,3183,11.88,7.84,7.43,6.93,114.71
2022/2/4,3181,11.84,7.82,7.42,6.94,114.47
2022/2/7,3143,11.81,7.79,7.42,6.94,115.01
2022/2/8,3131,11.77,7.76,7.42,6.95,115.28
2022/2/9,3076,11.73,7.74,7.41,6.95,115.3
2022/2/10,3159,11.69,7.71,7.41,6.96,115.56
2022/2/14,3122,11.66,7.69,7.41,6.96,115.63
2022/2/15,3166,11.62,7.66,7.4,6.96,115.43
2022/2/16,3209,11.58,7.64,7.4,6.97,115.43
2022/2/17,3205,11.54,7.61,7.39,6.97,115.7
2022/2/18,3221,11.51,7.59,7.39,6.98,115.48
2022/2/21,3225,11.47,7.56,7.39,6.98,114.96
2022/2/22,3110,11.43,7.54,7.38,6.99,115.08
2022/2/24,3099,11.39,7.51,7.38,6.99,114.78
2022/2/25,3161,11.36,7.48,7.38,7,114.96
2022/2/28,3240,11.32,7.46,7.37,7,115.58
2022/3/1,3232,11.28,7.43,7.37,7.01,115.59
2022/3/2,3253,11.25,7.41,7.37,7.01,115.28
2022/3/3,3290,11.21,7.38,7.36,7.01,115.02
2022/3/4,3309,11.17,7.36,7.36,7.02,115.63
2022/3/7,3362,11.13,7.33,7.36,7.02,115.42
2022/3/8,3186,11.1,7.31,7.35,7.03,115.02
2022/3/9,3181,11.06,7.28,7.35,7.03,115.49
2022/3/10,3339,11.02,7.26,7.35,7.04,115.89
2022/3/11,3248,10.98,7.23,7.34,7.04,116.01
2022/3/14,3246,10.95,7.21,7.34,7.05,116.32
2022/3/15,3342,10.91,7.18,7.34,7.05,117.59
2022/3/16,3339,10.87,7.15,7.33,7.05,118.25
2022/3/17,3327,10.84,7.13,7.33,7.06,118.39
2022/3/18,3377,10.8,7.1,7.33,7.06,118.99
2022/3/22,3386,10.76,7.08,7.32,7.07,118.7
2022/3/23,3454,10.72,7.05,7.32,7.07,120.02
2022/3/24,3449,10.69,7.03,7.32,7.08,121.16
2022/3/25,3471,10.65,7,7.31,7.08,121.11
2022/3/28,3437,10.61,6.98,7.31,7.09,122.04
2022/3/29,3471,10.57,6.95,7.31,7.09,122.2
2022/3/30,3476,10.54,6.93,7.3,7.1,124.25
2022/3/31,3398,10.5,6.9,7.3,7.1,122.56
2022/4/1,3424,10.53,6.85,7.45,7.11,122.41
2022/4/4,3432,10.57,6.81,7.6,7.11,122.21
2022/4/5,3374,10.6,6.76,7.75,7.12,122.44
2022/4/6,3355,10.64,6.72,7.9,7.12,122.58
2022/4/7,3441,10.67,6.67,8.05,7.13,123.9
2022/4/8,3444,10.71,6.62,8.2,7.13,123.66
2022/4/11,3443,10.74,6.58,8.34,7.14,123.9
2022/4/12,3387,10.78,6.53,8.49,7.15,124.63
2022/4/13,3401,10.81,6.49,8.64,7.15,125.48
2022/4/14,3442,10.84,6.44,8.79,7.16,125.63
2022/4/15,3413,10.88,6.4,8.94,7.16,125.53
2022/4/18,3307,10.91,6.35,9.09,7.17,126.39
2022/4/19,3313,10.95,6.3,9.24,7.17,126.61
2022/4/20,3350,10.98,6.26,9.39,7.18,127.35
2022/4/21,3326,11.02,6.21,9.54,7.19,129.44
2022/4/22,3318,11.05,6.17,9.69,7.19,128.23
2022/4/25,3328,11.09,6.12,9.84,7.2,128.66
2022/4/26,3301,11.12,6.07,9.99,7.2,128.81
2022/4/27,3249,11.15,6.03,10.13,7.21,127.63
2022/4/28,3310,11.19,5.98,10.28,7.21,127.66
2022/5/2,3205,11.22,5.94,10.43,7.22,128.86
2022/5/6,3257,11.26,5.89,10.58,7.23,130.12
2022/5/9,3029,11.29,5.84,10.73,7.23,130.53
2022/5/10,2946,11.33,5.8,10.88,7.24,130.77
2022/5/11,2975,11.36,5.75,11.03,7.24,130
2022/5/12,2947,11.4,5.71,11.18,7.25,130.33
2022/5/13,3122,11.43,5.66,11.33,7.25,129.72
2022/5/16,3080,11.46,5.61,11.48,7.26,128.94
2022/5/17,3062,11.5,5.57,11.63,7.27,129.55
2022/5/18,3071,11.53,5.52,11.78,7.27,129.3
2022/5/19,3050,11.57,5.48,11.92,7.28,129.32
2022/5/20,3075,11.6,5.43,12.07,7.28,128.43
2022/5/23,3116,11.64,5.39,12.22,7.29,127.86
2022/5/24,3106,11.67,5.34,12.37,7.29,127.75
2022/5/25,3142,11.7,5.29,12.52,7.3,127.89
2022/5/26,3102,11.74,5.25,12.67,7.31,126.99
2022/5/27,3048,11.77,5.2,12.82,7.31,127.51
2022/5/30,3082,11.81,5.16,12.97,7.32,127.03
2022/5/31,3065,11.84,5.11,13.12,7.32,127
2022/6/1,2995,11.88,5.06,13.27,7.33,128.22
2022/6/2,2940,11.91,5.02,13.42,7.33,128.89
2022/6/3,2954,11.95,4.97,13.57,7.34,130.04
2022/6/6,2960,11.98,4.93,13.71,7.35,129.84
2022/6/7,2932,12.01,4.88,13.86,7.35,130.84
2022/6/8,2981,12.05,4.83,14.01,7.36,132.25
2022/6/9,2980,12.08,4.79,14.16,7.36,132.88
2022/6/10,2927,12.12,4.74,14.31,7.37,134.47
2022/6/13,2937,12.15,4.7,14.46,7.37,134.22
2022/6/14,2981,12.19,4.65,14.61,7.38,135
2022/6/15,2977,12.22,4.6,14.76,7.39,134.13
2022/6/16,2990,12.26,4.56,14.91,7.39,135.03
2022/6/17,2928,12.29,4.51,15.06,7.4,134.31
2022/6/20,2924,12.32,4.47,15.21,7.4,133.27
2022/6/21,2928,12.36,4.42,15.36,7.41,135.28
2022/6/22,2964,12.39,4.38,15.5,7.41,135.22
2022/6/23,3006,12.43,4.33,15.65,7.42,136.5
2022/6/24,3201,12.46,4.28,15.8,7.43,136.2
2022/6/27,3198,12.5,4.24,15.95,7.43,135.23
2022/6/28,3242,12.53,4.19,16.1,7.44,134.67
2022/6/29,3254,12.57,4.15,16.25,7.44,135.42
2022/6/30,3227,12.6,4.1,16.4,7.45,136.09
2022/7/1,3246,12.58,4.15,16.46,7.45,136.69
2022/7/4,3264,12.55,4.2,16.51,7.46,136.01
2022/7/5,3239,12.53,4.25,16.57,7.47,134.93
2022/7/6,3328,12.51,4.3,16.63,7.47,136.15
2022/7/7,3429,12.49,4.35,16.68,7.48,135.71
2022/7/8,3355,12.46,4.4,16.74,7.48,135.89
2022/7/11,3413,12.44,4.45,16.8,7.49,136.07
2022/7/12,3374,12.42,4.5,16.85,7.49,136.48
2022/7/13,3353,12.4,4.55,16.91,7.5,137.25
2022/7/14,3342,12.37,4.6,16.96,7.51,137.02
2022/7/15,3347,12.35,4.65,17.02,7.51,138.01
2022/7/19,3332,12.33,4.7,17.08,7.52,138.99
2022/7/20,3379,12.31,4.75,17.13,7.52,138.24
2022/7/21,3421,12.28,4.8,17.19,7.53,138.18
2022/7/22,3411,12.26,4.85,17.25,7.53,138.48
2022/7/25,3415,12.24,4.9,17.3,7.54,137.36
2022/7/26,3416,12.22,4.95,17.36,7.55,136.64
2022/7/27,3446,12.19,5,17.42,7.55,136.46
2022/7/28,3442,12.17,5.05,17.47,7.56,137.01
2022/7/29,3421,12.15,5.1,17.53,7.56,136.24
2022/8/1,3641,12.13,5.15,17.59,7.57,134.63
2022/8/2,3663,12.1,5.2,17.64,7.57,132.91
2022/8/3,3606,12.08,5.25,17.7,7.58,130.9
2022/8/4,3578,12.06,5.3,17.75,7.59,133.77
2022/8/5,3632,12.04,5.35,17.81,7.59,133.67
2022/8/8,3620,12.01,5.4,17.87,7.6,133.03
2022/8/9,3613,11.99,5.45,17.92,7.6,135.43
2022/8/10,3615,11.97,5.5,17.98,7.61,134.92
2022/8/12,3632,11.95,5.55,18.04,7.61,135.28
2022/8/15,3667,11.92,5.6,18.09,7.62,133.34
2022/8/16,3691,11.9,5.65,18.15,7.63,133.07
2022/8/17,3733,11.88,5.7,18.21,7.63,133.2
2022/8/18,3754,11.85,5.75,18.26,7.64,134.34
2022/8/19,3751,11.83,5.8,18.32,7.64,134.97
2022/8/22,3690,11.81,5.85,18.38,7.65,136.33
2022/8/23,3663,11.79,5.9,18.43,7.65,137.23
2022/8/24,3639,11.76,5.95,18.49,7.66,137.3
2022/8/25,3658,11.74,6,18.55,7.67,136.92
2022/8/26,3707,11.72,6.05,18.6,7.67,136.99
2022/8/29,3679,11.7,6.1,18.66,7.68,136.76
2022/8/30,3781,11.67,6.15,18.71,7.68,138.29
2022/8/31,3776,11.65,6.2,18.77,7.69,138.48
2022/9/1,3766,11.63,6.25,18.83,7.69,138.66
2022/9/2,3736,11.61,6.3,18.88,7.7,139.55
2022/9/5,3728,11.58,6.35,18.94,7.71,140.11
2022/9/6,3715,11.56,6.4,19,7.71,140.32
2022/9/7,3716,11.54,6.45,19.05,7.72,140.34
2022/9/8,3822,11.52,6.5,19.11,7.72,143.03
2022/9/9,3889,11.49,6.55,19.17,7.73,144.43
2022/9/12,3898,11.47,6.6,19.22,7.73,143.82
2022/9/13,3929,11.45,6.65,19.28,7.74,142.84
2022/9/14,3893,11.43,6.7,19.34,7.75,142.61
2022/9/15,3916,11.4,6.75,19.39,7.75,144.53
2022/9/16,3890,11.38,6.8,19.45,7.76,143.33
2022/9/20,3889,11.36,6.85,19.5,7.76,143.1
2022/9/21,3848,11.34,6.9,19.56,7.77,143.28
2022/9/22,3845,11.31,6.95,19.62,7.77,143.77
2022/9/26,3803,11.29,7,19.67,7.78,144.52
2022/9/27,3856,11.27,7.05,19.73,7.79,144.03
2022/9/28,3828,11.25,7.1,19.79,7.79,144.46
2022/9/29,3907,11.22,7.15,19.84,7.8,144.76
2022/9/30,3905,11.2,7.2,19.9,7.8,144.36
2022/10/3,3870,11.21,7.25,19.9,7.81,144.81
2022/10/4,3964,11.21,7.29,19.91,7.81,144.9
2022/10/5,3971,11.22,7.34,19.91,7.82,144.78
2022/10/6,3982,11.23,7.38,19.92,7.83,143.96
2022/10/7,3967,11.23,7.43,19.92,7.83,144.67
2022/10/11,3938,11.24,7.47,19.93,7.84,145.02
2022/10/12,3950,11.25,7.52,19.93,7.84,145.77
2022/10/13,3906,11.25,7.56,19.94,7.85,146.21
2022/10/14,3992,11.26,7.61,19.94,7.85,146.85
2022/10/17,3960,11.26,7.65,19.95,7.86,147.43
2022/10/18,4035,11.27,7.7,19.95,7.87,148.58
2022/10/19,4042,11.28,7.74,19.96,7.87,148.91
2022/10/20,4032,11.28,7.79,19.96,7.88,149.23
2022/10/21,3976,11.29,7.83,19.97,7.88,149.99
2022/10/24,3969,11.3,7.88,19.97,7.89,150.26
2022/10/25,3975,11.3,7.92,19.98,7.89,148.9
2022/10/26,4011,11.31,7.97,19.98,7.9,149.07
2022/10/27,4009,11.32,8.01,19.99,7.91,148.19
2022/10/28,3976,11.32,8.06,19.99,7.91,146.15
2022/10/31,4037,11.33,8.1,20,7.92,146.7
2022/11/1,4058,11.34,8.15,20,7.92,148.28
2022/11/2,4113,11.34,8.19,20.01,7.93,148.78
2022/11/4,4067,11.35,8.24,20.01,7.93,147.63
2022/11/7,4061,11.35,8.28,20.02,7.94,148.34
2022/11/8,4079,11.36,8.33,20.02,7.95,147.07
2022/11/9,4063,11.37,8.37,20.03,7.95,146.57
2022/11/10,4041,11.37,8.42,20.03,7.96,145.81
2022/11/11,4075,11.38,8.46,20.04,7.96,146.42
2022/11/14,4072,11.39,8.51,20.04,7.97,141.95
2022/11/15,3992,11.39,8.55,20.05,7.97,139.67
2022/11/16,4019,11.4,8.6,20.05,7.98,140.44
2022/11/17,4052,11.41,8.65,20.05,7.99,139.58
2022/11/18,4137,11.41,8.69,20.06,7.99,139.5
2022/11/21,4161,11.42,8.74,20.06,8,140.31
2022/11/22,4204,11.43,8.78,20.07,8,140.38
2022/11/24,4203,11.43,8.83,20.07,8.01,142.12
2022/11/25,4248,11.44,8.87,20.08,8.01,139.28
2022/11/28,4255,11.45,8.92,20.08,8.02,139.11
2022/11/29,4261,11.45,8.96,20.09,8.03,139.11
2022/11/30,4273,11.46,9.01,20.09,8.03,138.89
2022/12/1,4437,11.46,9.05,20.1,8.04,138.79
2022/12/2,4448,11.47,9.1,20.1,8.04,137.13
2022/12/5,4471,11.48,9.14,20.11,8.05,135.55
2022/12/6,4455,11.48,9.19,20.11,8.05,134.73
2022/12/7,4353,11.49,9.23,20.12,8.06,136.46
2022/12/8,4334,11.5,9.28,20.12,8.07,137.31
2022/12/9,4403,11.5,9.32,20.13,8.07,136.63
2022/12/12,4422,11.51,9.37,20.13,8.08,136.9
2022/12/13,4436,11.52,9.41,20.14,8.08,136.85
2022/12/14,4497,11.52,9.46,20.14,8.09,137.87
2022/12/15,4430,11.53,9.5,20.15,8.09,135.59
2022/12/16,4426,11.54,9.55,20.15,8.1,135.5
2022/12/19,4381,11.54,9.59,20.16,8.11,137.7
2022/12/20,4304,11.55,9.64,20.16,8.11,136.27
2022/12/21,4198,11.55,9.68,20.17,8.12,137.39
2022/12/22,4187,11.56,9.73,20.17,8.12,131.79
2022/12/23,4142,11.57,9.77,20.18,8.13,132.24
2022/12/26,4095,11.57,9.82,20.18,8.13,132.82
2022/12/27,4089,11.58,9.86,20.19,8.14,132.31
2022/12/28,4121,11.59,9.91,20.19,8.15,133.24
2022/12/29,4044,11.59,9.95,20.2,8.15,133.95
2022/12/30,3973,11.6,10,20.2,8.16,134.18
2023/1/4,3891,11.57,10.03,20.17,8.16,132.7
2023/1/5,3864,11.55,10.06,20.13,8.17,131.01
2023/1/6,3830,11.52,10.1,20.1,8.17,132.16
2023/1/10,3811,11.49,10.13,20.07,8.18,133.74
2023/1/11,3861,11.47,10.16,20.03,8.19,131.87
2023/1/12,3887,11.44,10.19,20,8.19,132.4
2023/1/13,3942,11.41,10.22,19.97,8.2,132
2023/1/16,4024,11.39,10.25,19.93,8.2,129.3
2023/1/17,4086,11.36,10.29,19.9,8.21,127.97
2023/1/18,4149,11.33,10.32,19.87,8.21,128.39
2023/1/19,4041,11.31,10.35,19.83,8.22,128.89
2023/1/20,4035,11.28,10.38,19.8,8.23,128.49
2023/1/23,4086,11.25,10.41,19.77,8.23,128.72
2023/1/24,4206,11.23,10.44,19.73,8.24,129.3
2023/1/25,4201,11.2,10.48,19.7,8.24,130.42
2023/1/26,4213,11.17,10.51,19.67,8.25,130.4
2023/1/27,4191,11.15,10.54,19.63,8.25,129.27
2023/1/30,4163,11.12,10.57,19.6,8.26,129.64
2023/1/31,4212,11.09,10.6,19.57,8.27,130.11
2023/2/1,4058,11.07,10.63,19.53,8.27,130.47
2023/2/2,3877,11.04,10.67,19.5,8.28,129.94
2023/2/3,3940,11.01,10.7,19.47,8.28,128.5
2023/2/6,3962,10.99,10.73,19.43,8.29,128.75
2023/2/7,4042,10.96,10.76,19.4,8.29,132.44
2023/2/8,4041,10.93,10.79,19.37,8.3,132.58
2023/2/9,4016,10.91,10.82,19.33,8.31,130.93
2023/2/10,4005,10.88,10.86,19.3,8.31,131.63
2023/2/13,3981,10.85,10.89,19.27,8.32,131.7
2023/2/14,4015,10.83,10.92,19.23,8.32,131.79
2023/2/15,3949,10.8,10.95,19.2,8.33,132.33
2023/2/16,3953,10.77,10.98,19.17,8.33,132.77
2023/2/17,3980,10.75,11.01,19.13,8.34,134.15
2023/2/20,4064,10.72,11.05,19.1,8.35,134.4
2023/2/21,4056,10.69,11.08,19.07,8.35,134.47
2023/2/22,4016,10.67,11.11,19.03,8.36,134.32
2023/2/24,4077,10.64,11.14,19,8.36,134.9
2023/2/27,3962,10.61,11.17,18.97,8.37,134.31
2023/2/28,3960,10.59,11.2,18.93,8.37,136.24
2023/3/1,4329,10.56,11.24,18.9,8.38,136.34
2023/3/2,4298,10.53,11.27,18.87,8.39,136.4
2023/3/3,4390,10.51,11.3,18.83,8.39,136.2
2023/3/6,4386,10.48,11.33,18.8,8.4,136.71
2023/3/7,4338,10.45,11.36,18.77,8.4,135.92
2023/3/8,4286,10.43,11.39,18.73,8.41,136.13
2023/3/9,4436,10.4,11.43,18.7,8.41,137.4
2023/3/10,4456,10.37,11.46,18.67,8.42,137.11
2023/3/13,4409,10.35,11.49,18.63,8.43,136.06
2023/3/14,4438,10.32,11.52,18.6,8.43,134.37
2023/3/15,4440,10.29,11.55,18.57,8.44,133.22
2023/3/16,4369,10.27,11.58,18.53,8.44,134.64
2023/3/17,4426,10.24,11.62,18.5,8.45,133.3
2023/3/20,4386,10.21,11.65,18.47,8.45,133.61
2023/3/22,4373,10.19,11.68,18.43,8.46,132.69
2023/3/23,4388,10.16,11.71,18.4,8.47,132.57
2023/3/24,4437,10.13,11.74,18.37,8.47,130.97
2023/3/27,4381,10.11,11.77,18.33,8.48,130.69
2023/3/28,4496,10.08,11.81,18.3,8.48,130.69
2023/3/29,4538,10.05,11.84,18.27,8.49,130.65
2023/3/30,4579,10.03,11.87,18.23,8.49,131.31
2023/3/31,4577,10,11.9,18.2,8.5,132.64
2023/4/3,4652,10.04,11.8,18,8.5,133.54
2023/4/4,4657,10.08,11.7,17.79,8.5,133.12
2023/4/5,4559,10.13,11.6,17.59,8.5,132.62
2023/4/6,4632,10.17,11.5,17.39,8.5,131.58
2023/4/7,4615,10.21,11.4,17.18,8.5,131.2
2023/4/10,4691,10.25,11.3,16.98,8.5,131.83
2023/4/11,4699,10.29,11.2,16.78,8.49,132.67
2023/4/12,4709,10.34,11.1,16.57,8.49,133.48
2023/4/13,4689,10.38,11,16.37,8.49,133.74
2023/4/14,4790,10.42,10.9,16.17,8.49,133.34
2023/4/17,4774,10.46,10.8,15.96,8.49,132.53
2023/4/18,4836,10.5,10.7,15.76,8.49,133.86
2023/4/19,4855,10.55,10.6,15.56,8.49,134.42
2023/4/20,4828,10.59,10.5,15.35,8.49,134.14
2023/4/21,4848,10.63,10.4,15.15,8.49,134.92
2023/4/24,4857,10.67,10.3,14.95,8.49,134.32
2023/4/25,4812,10.71,10.2,14.75,8.49,134.14
2023/4/26,4791,10.75,10.1,14.54,8.49,134.35
2023/4/27,4794,10.8,10,14.34,8.48,133.75
2023/4/28,4854,10.84,9.9,14.14,8.48,133.75
2023/5/1,4920,10.88,9.8,13.93,8.48,134.14
2023/5/2,4877,10.92,9.7,13.73,8.48,136.85
2023/5/8,4830,10.96,9.6,13.53,8.48,137.67
2023/5/9,4886,11.01,9.5,13.32,8.48,135.12
2023/5/10,4783,11.05,9.4,13.12,8.48,135.3
2023/5/11,4801,11.09,9.3,12.92,8.48,135.2
2023/5/12,4820,11.13,9.2,12.71,8.48,134.18
2023/5/15,5062,11.17,9.1,12.51,8.48,134.64
2023/5/16,5040,11.22,9,12.31,8.48,136.03
2023/5/17,5057,11.26,8.9,12.1,8.48,136.05
2023/5/18,5127,11.3,8.8,11.9,8.47,136.49
2023/5/19,5118,11.34,8.7,11.7,8.47,137.62
2023/5/22,5253,11.38,8.6,11.49,8.47,138.47
2023/5/23,5281,11.43,8.5,11.29,8.47,137.75
2023/5/24,5235,11.47,8.4,11.09,8.47,138.45
2023/5/25,5344,11.51,8.3,10.88,8.47,138.61
2023/5/26,5417,11.55,8.2,10.68,8.47,139.55
2023/5/29,5409,11.59,8.1,10.48,8.47,139.87
2023/5/30,5388,11.64,8,10.27,8.47,140.76
2023/5/31,5387,11.68,7.9,10.07,8.47,140.25
2023/6/1,5441,11.72,7.8,9.87,8.47,139.75
2023/6/2,5507,11.76,7.7,9.66,8.47,139.24
2023/6/5,5627,11.8,7.6,9.46,8.46,138.99
2023/6/6,5841,11.85,7.5,9.26,8.46,140.17
2023/6/7,5683,11.89,7.4,9.05,8.46,139.62
2023/6/8,5595,11.93,7.3,8.85,8.46,139.52
2023/6/9,5611,11.97,7.2,8.65,8.46,140.03
2023/6/12,5575,12.01,7.1,8.45,8.46,139.15
2023/6/13,5644,12.05,7,8.24,8.46,139.43
2023/6/14,5696,12.1,6.9,8.04,8.46,139.7
2023/6/15,5698,12.14,6.8,7.84,8.46,140.09
2023/6/16,5752,12.18,6.7,7.63,8.46,140.4
2023/6/19,5649,12.22,6.6,7.43,8.46,140.32
2023/6/20,5626,12.26,6.5,7.23,8.46,142
2023/6/21,5643,12.31,6.4,7.02,8.45,142.21
2023/6/22,5618,12.35,6.3,6.82,8.45,141.66
2023/6/23,5625,12.39,6.2,6.62,8.45,141.96
2023/6/26,5737,12.43,6.1,6.41,8.45,143.18
2023/6/27,5644,12.47,6,6.21,8.45,143.5
2023/6/28,5711,12.52,5.9,6.01,8.45,143.61
2023/6/29,5710,12.56,5.8,5.8,8.45,143.85
2023/6/30,5688,12.6,5.7,5.6,8.45,144.33
2023/7/3,5732,12.58,5.66,5.58,8.45,144.99
2023/7/4,5596,12.55,5.61,5.56,8.45,144.52
2023/7/5,5591,12.53,5.57,5.54,8.45,144.51
2023/7/6,5658,12.5,5.53,5.52,8.45,144.56
2023/7/7,5580,12.48,5.48,5.5,8.45,144.41
2023/7/10,5579,12.45,5.44,5.47,8.44,144.19
2023/7/11,5425,12.43,5.4,5.45,8.44,142.56
2023/7/12,5349,12.41,5.35,5.43,8.44,141.48
2023/7/13,5412,12.38,5.31,5.41,8.44,139.9
2023/7/14,5427,12.36,5.26,5.39,8.44,138.68
2023/7/18,5519,12.33,5.22,5.37,8.44,138.07
2023/7/19,5573,12.31,5.18,5.35,8.44,138.88
2023/7/20,5511,12.29,5.13,5.33,8.44,139.04
2023/7/21,5525,12.26,5.09,5.31,8.44,139.7
2023/7/24,5548,12.24,5.05,5.29,8.44,140.08
2023/7/25,5556,12.21,5,5.26,8.44,141.83
2023/7/26,5536,12.19,4.96,5.24,8.44,141.58
2023/7/27,5549,12.16,4.92,5.22,8.43,141.09
2023/7/28,5387,12.14,4.87,5.2,8.43,140.34
2023/7/31,5502,12.12,4.83,5.18,8.43,139.49
2023/8/1,5563,12.09,4.79,5.16,8.43,140.97
2023/8/2,5548,12.07,4.74,5.14,8.43,142.44
2023/8/3,5467,12.04,4.7,5.12,8.43,143.2
2023/8/4,5483,12.02,4.65,5.1,8.43,143.47
2023/8/7,5354,12,4.61,5.08,8.43,142.88
2023/8/8,5570,11.97,4.57,5.05,8.43,141.67
2023/8/9,5677,11.95,4.52,5.03,8.43,143.07
2023/8/10,5796,11.92,4.48,5.01,8.43,143.47
2023/8/14,5730,11.9,4.44,4.99,8.43,143.97
2023/8/15,5806,11.87,4.39,4.97,8.42,145.11
2023/8/16,5797,11.85,4.35,4.95,8.42,145.6
2023/8/17,5756,11.83,4.31,4.93,8.42,145.72
2023/8/18,5695,11.8,4.26,4.91,8.42,146.5
2023/8/21,5676,11.78,4.22,4.89,8.42,145.72
2023/8/22,5742,11.75,4.18,4.87,8.42,145.31
2023/8/23,5807,11.73,4.13,4.85,8.42,146.3
2023/8/24,5991,11.7,4.09,4.82,8.42,145.76
2023/8/25,5852,11.68,4.05,4.8,8.42,144.89
2023/8/28,6016,11.66,4,4.78,8.42,146.23
2023/8/29,6014,11.63,3.96,4.76,8.42,146.52
2023/8/30,6057,11.61,3.91,4.74,8.42,146.52
2023/8/31,6134,11.58,3.87,4.72,8.41,146.06
2023/9/1,6093,11.56,3.83,4.7,8.41,146.22
2023/9/4,6042,11.54,3.78,4.68,8.41,145.75
2023/9/5,6075,11.51,3.74,4.66,8.41,146.25
2023/9/6,6061,11.49,3.7,4.64,8.41,146.59
2023/9/7,6071,11.46,3.65,4.61,8.41,147.85
2023/9/8,6029,11.44,3.61,4.59,8.41,147.94
2023/9/11,6058,11.41,3.57,4.57,8.41,147.02
2023/9/12,6093,11.39,3.52,4.55,8.41,147
2023/9/13,5967,11.37,3.48,4.53,8.41,146.72
2023/9/14,6027,11.34,3.44,4.51,8.41,147.33
2023/9/15,6018,11.32,3.39,4.49,8.41,147.21
2023/9/19,5813,11.29,3.35,4.47,8.4,147.64
2023/9/20,5645,11.27,3.3,4.45,8.4,147.73
2023/9/21,5697,11.25,3.26,4.43,8.4,147.86
2023/9/22,5782,11.22,3.22,4.4,8.4,148.46
2023/9/25,5859,11.2,3.17,4.38,8.4,147.66
2023/9/26,5786,11.17,3.13,4.36,8.4,148.5
2023/9/27,5796,11.15,3.09,4.34,8.4,148.93
2023/9/28,5768,11.12,3.04,4.32,8.4,149.13
2023/9/29,5764,11.1,3,4.3,8.4,149.6
2023/10/2,5719,11.09,3.07,4.33,8.4,149.58
2023/10/3,5678,11.09,3.14,4.36,8.4,149.75
2023/10/4,5562,11.08,3.2,4.39,8.4,149.93
2023/10/5,5745,11.07,3.27,4.42,8.4,149.3
2023/10/6,5900,11.06,3.34,4.45,8.39,148.93
2023/10/10,5927,11.06,3.41,4.48,8.39,148.75
2023/10/11,5868,11.05,3.47,4.5,8.39,148.6
2023/10/12,5922,11.04,3.54,4.53,8.39,148.65
2023/10/13,5862,11.03,3.61,4.56,8.39,149.26
2023/10/16,5711,11.03,3.68,4.59,8.39,149.94
2023/10/17,5728,11.02,3.74,4.62,8.39,149.58
2023/10/18,5711,11.01,3.81,4.65,8.39,149.59
2023/10/19,5577,11,3.88,4.68,8.39,149.85
2023/10/20,5565,11,3.95,4.71,8.39,149.89
2023/10/23,5560,10.99,4.01,4.74,8.39,149.97
2023/10/24,5610,10.98,4.08,4.77,8.39,149.89
2023/10/25,5609,10.97,4.15,4.8,8.38,149.8
2023/10/26,5533,10.97,4.22,4.83,8.38,149.99
2023/10/27,5511,10.96,4.28,4.85,8.38,150.25
2023/10/30,5400,10.95,4.35,4.88,8.38,150.44
2023/10/31,5480,10.94,4.42,4.91,8.38,149.86
2023/11/1,5589,10.94,4.49,4.94,8.38,149.86
2023/11/2,5641,10.93,4.55,4.97,8.38,151.49
2023/11/6,5982,10.92,4.62,5,8.38,150.62
2023/11/7,5371,10.91,4.69,5.03,8.38,149.67
2023/11/8,5369,10.91,4.76,5.06,8.38,150.11
2023/11/9,5500,10.9,4.82,5.09,8.38,150.67
2023/11/10,5600,10.89,4.89,5.12,8.38,151.08
2023/11/13,5736,10.88,4.96,5.15,8.37,151.43
2023/11/14,5654,10.88,5.03,5.18,8.37,151.71
2023/11/15,5700,10.87,5.09,5.2,8.37,151.77
2023/11/16,5673,10.86,5.16,5.23,8.37,150.7
2023/11/17,5688,10.85,5.23,5.26,8.37,151.34
2023/11/20,5633,10.85,5.3,5.29,8.37,150.77
2023/11/21,5533,10.84,5.36,5.32,8.37,149.95
2023/11/22,5573,10.83,5.43,5.35,8.37,148.19
2023/11/24,5560,10.82,5.5,5.38,8.37,148.3
2023/11/27,5574,10.82,5.57,5.41,8.37,149.64
2023/11/28,5642,10.81,5.63,5.44,8.37,149.53
2023/11/29,5504,10.8,5.7,5.47,8.37,148.14
2023/11/30,5526,10.79,5.77,5.5,8.36,146.87
2023/12/1,5533,10.79,5.84,5.53,8.36,147.09
2023/12/4,5480,10.78,5.9,5.55,8.36,147.86
2023/12/5,5501,10.77,5.97,5.58,8.36,146.39
2023/12/6,5557,10.76,6.04,5.61,8.36,147.15
2023/12/7,5538,10.76,6.11,5.64,8.36,147.23
2023/12/8,5273,10.75,6.17,5.67,8.36,147.16
2023/12/11,5309,10.74,6.24,5.7,8.36,143.14
2023/12/12,5311,10.73,6.31,5.73,8.36,145.39
2023/12/13,5284,10.73,6.38,5.76,8.36,145.83
2023/12/14,5132,10.72,6.44,5.79,8.36,145.67
2023/12/15,5083,10.71,6.51,5.82,8.36,142.53
2023/12/18,5062,10.7,6.58,5.85,8.35,142.45
2023/12/19,5257,10.7,6.65,5.88,8.35,142.16
2023/12/20,5466,10.69,6.71,5.9,8.35,142.71
2023/12/21,5420,10.68,6.78,5.93,8.35,144.04
2023/12/22,5399,10.67,6.85,5.96,8.35,143.51
2023/12/25,5368,10.67,6.92,5.99,8.35,142.34
2023/12/26,5388,10.66,6.98,6.02,8.35,142.2
2023/12/27,5436,10.65,7.05,6.05,8.35,142.21
2023/12/28,5452,10.64,7.12,6.08,8.35,142.73
2023/12/29,5440,10.64,7.19,6.11,8.35,141.88
2024/1/4,5496,10.63,7.25,6.14,8.35,141.82
2024/1/5,5516,10.62,7.32,6.17,8.35,143.44
2024/1/9,5571,10.61,7.39,6.2,8.35,144.97
2024/1/10,5690,10.61,7.46,6.23,8.34,143.95
2024/1/11,5824,10.6,7.52,6.25,8.34,145.63
2024/1/12,5808,10.59,7.59,6.28,8.34,145.32
2024/1/15,5800,10.58,7.66,6.31,8.34,145.15
2024/1/16,5843,10.58,7.73,6.34,8.34,145.92
2024/1/17,5801,10.57,7.79,6.37,8.34,147.44
2024/1/18,5860,10.56,7.86,6.4,8.34,148.23
2024/1/19,,10.61,7.95,6.43,8.35,147.15
2024/1/22,,10.67,8.04,6.46,8.37,147.15
2024/1/23,,10.72,8.13,6.49,8.38,147.15
2024/1/24,,10.77,8.21,6.52,8.4,147.15
2024/1/25,,10.82,8.3,6.55,8.41,147.15
2024/1/26,,10.88,8.39,6.58,8.42,147.15
2024/1/29,,10.93,8.48,6.6,8.44,147.15
2024/1/30,,10.98,8.57,6.63,8.45,147.15
2024/1/31,,11.04,8.66,6.66,8.46,147.15
2024/2/1,,11.09,8.74,6.69,8.48,147.15
2024/2/2,,11.14,8.83,6.72,8.49,147.15
2024/2/5,,11.2,8.92,6.75,8.51,147.15
2024/2/6,,11.25,9.01,6.78,8.52,147.15
2024/2/7,,11.3,9.1,6.81,8.53,147.15
2024/2/8,,11.35,9.19,6.84,8.55,147.15
2024/2/9,,11.41,9.27,6.87,8.56,147.15
2024/2/13,,11.46,9.36,6.9,8.57,147.15
2024/2/14,,11.51,9.45,6.93,8.59,147.15
2024/2/15,,11.57,9.54,6.95,8.6,147.15
2024/2/16,,11.62,9.63,6.98,8.62,147.15
2024/2/19,,11.67,9.72,7.01,8.63,147.15
2024/2/20,,11.72,9.8,7.04,8.64,147.15
2024/2/21,,11.78,9.89,7.07,8.66,147.15
2024/2/22,,11.83,9.98,7.1,8.67,147.15
2024/2/26,,11.88,10.07,7.13,8.68,147.15
2024/2/27,,11.94,10.16,7.16,8.7,147.15
2024/2/28,,11.99,10.25,7.19,8.71,147.15
2024/2/29,,12.04,10.33,7.22,8.73,147.15
2024/3/1,,12.09,10.42,7.25,8.74,147.15
2024/3/4,,12.15,10.51,7.28,8.75,147.15
2024/3/5,,12.2,10.6,7.3,8.77,147.15
2024/3/8,,12.25,10.69,7.33,8.78,147.15
2024/3/9,,12.31,10.78,7.36,8.79,147.15
2024/3/10,,12.36,10.86,7.39,8.81,147.15
2024/3/11,,12.41,10.95,7.42,8.82,147.15
2024/3/12,,12.47,11.04,7.45,8.84,147.15
2024/3/13,,12.52,11.13,7.48,8.85,147.15
2024/3/14,,12.57,11.22,7.51,8.86,147.15
2024/3/15,,12.62,11.31,7.54,8.88,147.15
2024/3/18,,12.68,11.39,7.57,8.89,147.15
2024/3/19,,12.73,11.48,7.6,8.9,147.15
2024/3/21,,12.78,11.57,7.63,8.92,147.15
2024/3/22,,12.84,11.66,7.65,8.93,147.15
2024/3/25,,12.89,11.75,7.68,8.95,147.15
2024/3/26,,12.94,11.84,7.71,8.96,147.15
2024/3/27,,12.99,11.92,7.74,8.97,147.15
2024/3/28,,13.05,12.01,7.77,8.99,147.15
2024/3/29,,13.1,12.1,7.8,9,147.15
